{
  "LabelModel_test": {
    "agreement": 0.5780392156862745,
    "precision": 0.5809212325869251,
    "recall": 0.5759100287298149,
    "f1": 0.5704019164226777,
    "coverage": 1.0
  },
  "MajorityVote_test": {
    "agreement": 0.5933333333333334,
    "precision": 0.5932887788697667,
    "recall": 0.5933137493915912,
    "f1": 0.5932807303489771,
    "coverage": 1.0
  },
  "LabelModel_val": {
    "agreement": 0.6666666666666666,
    "precision": 0.6727234753550543,
    "recall": 0.6536603493125233,
    "f1": 0.6510167608559146,
    "coverage": 1.0
  }
}