{
  "dataset": "pipeline_outputs_helpsteer3",
  "method": "program_judge",
  "best_k": 44,
  "n_total_programs": 80,
  "n_surviving_programs": 44,
  "selected_program_ids": [
    19,
    43,
    39,
    49,
    34,
    4,
    57,
    24,
    36,
    5,
    79,
    20,
    22,
    71,
    17,
    40,
    11,
    77,
    69,
    73,
    42,
    75,
    65,
    50,
    45,
    68,
    44,
    28,
    18,
    27,
    52,
    6,
    26,
    2,
    54,
    33,
    25,
    74,
    3,
    13,
    23,
    76,
    8,
    21
  ],
  "selected_program_names": [
    "judge_19",
    "judge_43",
    "judge_39",
    "judge_49",
    "judge_34",
    "judge_4",
    "judge_57",
    "judge_24",
    "judge_36",
    "judge_5",
    "judge_79",
    "judge_20",
    "judge_22",
    "judge_71",
    "judge_17",
    "judge_40",
    "judge_11",
    "judge_77",
    "judge_69",
    "judge_73",
    "judge_42",
    "judge_75",
    "judge_65",
    "judge_50",
    "judge_45",
    "judge_68",
    "judge_44",
    "judge_28",
    "judge_18",
    "judge_27",
    "judge_52",
    "judge_6",
    "judge_26",
    "judge_2",
    "judge_54",
    "judge_33",
    "judge_25",
    "judge_74",
    "judge_3",
    "judge_13",
    "judge_23",
    "judge_76",
    "judge_8",
    "judge_21"
  ],
  "selected_program_col_indices": [
    10,
    37,
    32,
    43,
    27,
    33,
    52,
    16,
    29,
    44,
    76,
    12,
    14,
    68,
    8,
    34,
    2,
    74,
    65,
    70,
    36,
    72,
    61,
    45,
    39,
    64,
    38,
    20,
    9,
    19,
    47,
    55,
    18,
    11,
    49,
    26,
    17,
    71,
    22,
    4,
    15,
    73,
    77,
    13
  ],
  "selected_program_thresholds": [
    0.35000000000000003,
    0.35000000000000003,
    0.26,
    0.35000000000000003,
    0.3,
    0.32,
    0.25,
    0.35000000000000003,
    0.35000000000000003,
    0.35000000000000003,
    0.34,
    0.3,
    0.33,
    0.34,
    0.35000000000000003,
    0.34,
    0.33,
    0.32,
    0.35000000000000003,
    0.35000000000000003,
    0.35000000000000003,
    0.34,
    0.35000000000000003,
    0.29,
    0.31,
    0.35000000000000003,
    0.35000000000000003,
    0.34,
    0.35000000000000003,
    0.29,
    0.34,
    0.27,
    0.29,
    0.3,
    0.35000000000000003,
    0.35000000000000003,
    0.35000000000000003,
    0.32,
    0.35000000000000003,
    0.22,
    0.17,
    0.28,
    0.35000000000000003,
    0.14
  ],
  "selected_program_val_accuracies": [
    1.0,
    1.0,
    0.9375,
    0.9333333333333333,
    0.9230769230769231,
    0.9166666666666666,
    0.9,
    0.875,
    0.875,
    0.8333333333333334,
    0.8235294117647058,
    0.8235294117647058,
    0.8125,
    0.8095238095238095,
    0.8095238095238095,
    0.8095238095238095,
    0.8076923076923077,
    0.8,
    0.7894736842105263,
    0.7857142857142857,
    0.7857142857142857,
    0.782608695652174,
    0.7777777777777778,
    0.7714285714285715,
    0.7659574468085106,
    0.7647058823529411,
    0.7647058823529411,
    0.7619047619047619,
    0.7619047619047619,
    0.76,
    0.75,
    0.7428571428571429,
    0.7391304347826086,
    0.7368421052631579,
    0.7333333333333333,
    0.7333333333333333,
    0.7307692307692307,
    0.7297297297297297,
    0.7222222222222222,
    0.7209302325581395,
    0.7209302325581395,
    0.72,
    0.7142857142857143,
    0.7127659574468085
  ],
  "label_matrix_diagnostics": {
    "test_conflict": 0.1494
  },
  "LabelModel_test": {
    "n_total": 2550,
    "accuracy": 0.578,
    "precision": 0.5809,
    "recall": 0.5759,
    "f1": 0.5704,
    "coverage": 1.0
  },
  "MajorityVote_test": {
    "n_total": 2550,
    "accuracy": 0.5933,
    "precision": 0.5933,
    "recall": 0.5933,
    "f1": 0.5933,
    "coverage": 1.0
  },
  "LabelModel_val": {
    "n_total": 255,
    "accuracy": 0.6667,
    "precision": 0.6727,
    "recall": 0.6537,
    "f1": 0.651,
    "coverage": 1.0
  },
  "throughput": {
    "pipeline_elapsed_sec": 3509.0,
    "n_train": 9948,
    "n_val": 255,
    "n_test": 2550,
    "total_samples": 12753,
    "samples_per_sec": 3.63
  }
}