{
  "LabelModel_test": {
    "agreement": 0.8954849498327759,
    "precision": 0.8960723179794889,
    "recall": 0.8953900362141529,
    "f1": 0.8954276345241293,
    "coverage": 0.9568
  },
  "MajorityVote_test": {
    "agreement": 0.8967391304347826,
    "precision": 0.8967496215815618,
    "recall": 0.8967260448272487,
    "f1": 0.8967339144873392,
    "coverage": 0.9568
  },
  "LabelModel_val": {
    "agreement": 0.9135802469135802,
    "precision": 0.912406015037594,
    "recall": 0.9130836642475695,
    "f1": 0.9127289518239188,
    "coverage": 0.972
  }
}