{
  "dataset": "pipeline_outputs_chatbot_arena",
  "method": "program_judge",
  "best_k": 12,
  "n_total_programs": 80,
  "n_surviving_programs": 12,
  "selected_program_ids": [
    25,
    28,
    30,
    24,
    27,
    18,
    65,
    23,
    16,
    66,
    73,
    13
  ],
  "selected_program_names": [
    "judge_25",
    "judge_28",
    "judge_30",
    "judge_24",
    "judge_27",
    "judge_18",
    "judge_65",
    "judge_23",
    "judge_16",
    "judge_66",
    "judge_73",
    "judge_13"
  ],
  "selected_program_col_indices": [
    17,
    20,
    23,
    16,
    19,
    9,
    61,
    15,
    7,
    62,
    70,
    4
  ],
  "selected_program_thresholds": [
    0.34,
    0.33,
    0.27,
    0.35000000000000003,
    0.33,
    0.34,
    0.33,
    0.33,
    0.35000000000000003,
    0.35000000000000003,
    0.25,
    0.17
  ],
  "selected_program_val_accuracies": [
    0.8787878787878788,
    0.8205128205128205,
    0.8076923076923077,
    0.7837837837837838,
    0.7777777777777778,
    0.7741935483870968,
    0.7717391304347826,
    0.7647058823529411,
    0.7647058823529411,
    0.7572815533980582,
    0.7469879518072289,
    0.7466666666666667
  ],
  "label_matrix_diagnostics": {
    "test_conflict": 0.0563
  },
  "LabelModel_test": {
    "n_total": 3215,
    "accuracy": 0.6243,
    "precision": 0.6391,
    "recall": 0.6246,
    "f1": 0.6144,
    "coverage": 1.0
  },
  "MajorityVote_test": {
    "n_total": 3215,
    "accuracy": 0.6311,
    "precision": 0.6311,
    "recall": 0.6311,
    "f1": 0.6311,
    "coverage": 1.0
  },
  "LabelModel_val": {
    "n_total": 321,
    "accuracy": 0.6822,
    "precision": 0.6958,
    "recall": 0.6737,
    "f1": 0.6695,
    "coverage": 1.0
  },
  "throughput": {
    "pipeline_elapsed_sec": 2678.4,
    "n_train": 12540,
    "n_val": 321,
    "n_test": 3215,
    "total_samples": 16076,
    "samples_per_sec": 6.0
  }
}