{
  "LabelModel_test": {
    "agreement": 0.6242612752721617,
    "precision": 0.6390823915197472,
    "recall": 0.6246130096855936,
    "f1": 0.6143660013901301,
    "coverage": 1.0
  },
  "MajorityVote_test": {
    "agreement": 0.631104199066874,
    "precision": 0.6311239499864514,
    "recall": 0.6310861966746697,
    "f1": 0.6310698981661232,
    "coverage": 1.0
  },
  "LabelModel_val": {
    "agreement": 0.6822429906542056,
    "precision": 0.6958315050460728,
    "recall": 0.6737387106820305,
    "f1": 0.6695130813953488,
    "coverage": 1.0
  }
}