{
  "LabelModel_test": {
    "agreement": 0.6789971228935471,
    "precision": 0.6789307700560872,
    "recall": 0.6789389937097354,
    "f1": 0.6789344229194267,
    "coverage": 0.9732
  },
  "MajorityVote_test": {
    "agreement": 0.6814632141389232,
    "precision": 0.681411149340134,
    "recall": 0.6814360396830588,
    "f1": 0.6814179522080042,
    "coverage": 0.9732
  },
  "LabelModel_val": {
    "agreement": 0.711340206185567,
    "precision": 0.7112670068027211,
    "recall": 0.7113173204504474,
    "f1": 0.7112800625914208,
    "coverage": 0.97
  }
}