{
  "LabelModel_test": {
    "agreement": 0.8153598064906269,
    "precision": 0.8130992527285177,
    "recall": 0.8132102945666249,
    "f1": 0.8131542288557214,
    "coverage": 0.9922
  },
  "MajorityVote_test": {
    "agreement": 0.8103204998992138,
    "precision": 0.808409914058654,
    "recall": 0.8114371078410729,
    "f1": 0.8091409849807973,
    "coverage": 0.9922
  },
  "LabelModel_val": {
    "agreement": 0.845691382765531,
    "precision": 0.8450852638352638,
    "recall": 0.8457527401676338,
    "f1": 0.8453336016906511,
    "coverage": 0.998
  }
}