{
  "dataset": "judgelm",
  "method": "program_judge",
  "threshold_max": 0.15,
  "best_k": 19,
  "n_total_programs": 80,
  "n_surviving_programs": 79,
  "selected_program_ids": [
    19,
    7,
    43,
    38,
    3,
    8,
    28,
    63,
    6,
    2,
    4,
    45,
    27,
    1,
    41,
    17,
    40,
    39,
    36
  ],
  "selected_program_names": [
    "judge_19",
    "judge_7",
    "judge_43",
    "judge_38",
    "judge_3",
    "judge_8",
    "judge_28",
    "judge_63",
    "judge_6",
    "judge_2",
    "judge_4",
    "judge_45",
    "judge_27",
    "judge_1",
    "judge_41",
    "judge_17",
    "judge_40",
    "judge_39",
    "judge_36"
  ],
  "selected_program_col_indices": [
    18,
    6,
    42,
    37,
    2,
    7,
    27,
    62,
    5,
    1,
    3,
    44,
    26,
    0,
    40,
    16,
    39,
    38,
    35
  ],
  "selected_program_thresholds": [
    0.15,
    0.03,
    0.12,
    0.15,
    0.15,
    0.15,
    0.15,
    0.15,
    0.15,
    0.15,
    0.15,
    0.15,
    0.15,
    0.15,
    0.15,
    0.15,
    0.13,
    0.15,
    0.14
  ],
  "selected_program_val_accuracies": [
    0.9523809523809523,
    0.9210526315789473,
    0.9121951219512195,
    0.9067796610169492,
    0.8981818181818182,
    0.8981481481481481,
    0.8742857142857143,
    0.8734177215189873,
    0.8725099601593626,
    0.8709677419354839,
    0.8694362017804155,
    0.8689839572192514,
    0.8663101604278075,
    0.8633720930232558,
    0.8571428571428571,
    0.8551136363636364,
    0.8549019607843137,
    0.8547854785478548,
    0.8540540540540541
  ],
  "LabelModel_val": {
    "n_total": 500,
    "n_covered": 497,
    "accuracy": 0.8491,
    "precision": 0.8485,
    "recall": 0.8487,
    "f1": 0.8486,
    "coverage": 0.994
  }
}