{
  "dataset": "judgelm",
  "method": "program_judge",
  "threshold_max": 0.14,
  "best_k": 21,
  "n_total_programs": 80,
  "n_surviving_programs": 79,
  "selected_program_ids": [
    19,
    7,
    43,
    38,
    3,
    8,
    28,
    45,
    4,
    6,
    63,
    2,
    27,
    1,
    41,
    40,
    17,
    36,
    26,
    39,
    11
  ],
  "selected_program_names": [
    "judge_19",
    "judge_7",
    "judge_43",
    "judge_38",
    "judge_3",
    "judge_8",
    "judge_28",
    "judge_45",
    "judge_4",
    "judge_6",
    "judge_63",
    "judge_2",
    "judge_27",
    "judge_1",
    "judge_41",
    "judge_40",
    "judge_17",
    "judge_36",
    "judge_26",
    "judge_39",
    "judge_11"
  ],
  "selected_program_col_indices": [
    18,
    6,
    42,
    37,
    2,
    7,
    27,
    44,
    3,
    5,
    62,
    1,
    26,
    0,
    40,
    39,
    16,
    35,
    25,
    38,
    10
  ],
  "selected_program_thresholds": [
    0.14,
    0.03,
    0.12,
    0.12,
    0.14,
    0.14,
    0.14,
    0.14,
    0.14,
    0.14,
    0.14,
    0.14,
    0.14,
    0.14,
    0.14,
    0.13,
    0.14,
    0.14,
    0.12,
    0.14,
    0.12
  ],
  "selected_program_val_accuracies": [
    0.9523809523809523,
    0.9210526315789473,
    0.9121951219512195,
    0.9040590405904059,
    0.8907849829351536,
    0.8898305084745762,
    0.8701657458563536,
    0.868766404199475,
    0.868421052631579,
    0.8664122137404581,
    0.8663967611336032,
    0.865979381443299,
    0.8624338624338624,
    0.8607954545454546,
    0.8571428571428571,
    0.8549019607843137,
    0.8547486033519553,
    0.8540540540540541,
    0.8467741935483871,
    0.8456591639871383,
    0.8433048433048433
  ],
  "LabelModel_val": {
    "n_total": 500,
    "n_covered": 499,
    "accuracy": 0.8457,
    "precision": 0.8451,
    "recall": 0.8458,
    "f1": 0.8453,
    "coverage": 0.998
  }
}