{
  "dataset": "judgelm",
  "method": "program_judge",
  "best_k": 21,
  "n_total_programs": 80,
  "n_surviving_programs": 21,
  "selected_program_ids": [
    26,
    15,
    48,
    43,
    11,
    16,
    34,
    5,
    12,
    14,
    66,
    10,
    33,
    1,
    46,
    45,
    24,
    41,
    32,
    44,
    19
  ],
  "selected_program_names": [
    "judge_26",
    "judge_15",
    "judge_48",
    "judge_43",
    "judge_11",
    "judge_16",
    "judge_34",
    "judge_5",
    "judge_12",
    "judge_14",
    "judge_66",
    "judge_10",
    "judge_33",
    "judge_1",
    "judge_46",
    "judge_45",
    "judge_24",
    "judge_41",
    "judge_32",
    "judge_44",
    "judge_19"
  ],
  "selected_program_col_indices": [
    18,
    6,
    42,
    37,
    2,
    7,
    27,
    44,
    3,
    5,
    62,
    1,
    26,
    0,
    40,
    39,
    16,
    35,
    25,
    38,
    10
  ],
  "selected_program_thresholds": [
    0.14,
    0.03,
    0.12,
    0.12,
    0.14,
    0.14,
    0.14,
    0.14,
    0.14,
    0.14,
    0.14,
    0.14,
    0.14,
    0.14,
    0.14,
    0.13,
    0.14,
    0.14,
    0.12,
    0.14,
    0.12
  ],
  "selected_program_val_accuracies": [
    0.9523809523809523,
    0.9210526315789473,
    0.9121951219512195,
    0.9040590405904059,
    0.8907849829351536,
    0.8898305084745762,
    0.8701657458563536,
    0.868766404199475,
    0.868421052631579,
    0.8664122137404581,
    0.8663967611336032,
    0.865979381443299,
    0.8624338624338624,
    0.8607954545454546,
    0.8571428571428571,
    0.8549019607843137,
    0.8547486033519553,
    0.8540540540540541,
    0.8467741935483871,
    0.8456591639871383,
    0.8433048433048433
  ],
  "label_matrix_diagnostics": {
    "test_conflict": 0.3498,
    "n_test_total": 5000,
    "n_test_covered": 4961,
    "n_test_all_abstained": 39,
    "test_coverage": 0.9922
  },
  "LabelModel_test": {
    "n_total": 5000,
    "n_covered": 4961,
    "accuracy": 0.8154,
    "precision": 0.8131,
    "recall": 0.8132,
    "f1": 0.8132,
    "coverage": 0.9922
  },
  "MajorityVote_test": {
    "n_total": 5000,
    "n_covered": 4961,
    "accuracy": 0.8103,
    "precision": 0.8084,
    "recall": 0.8114,
    "f1": 0.8091,
    "coverage": 0.9922
  },
  "LabelModel_val": {
    "n_total": 500,
    "n_covered": 499,
    "accuracy": 0.8457,
    "precision": 0.8451,
    "recall": 0.8458,
    "f1": 0.8453,
    "coverage": 0.998
  },
  "throughput": {
    "n_test": 5000,
    "n_test_covered": 4961,
    "n_top_k_programs": 21,
    "top_k_program_time_sec": 76.1888,
    "label_model_infer_time_sec": 0.0083,
    "inference_elapsed_sec": 76.1972,
    "samples_per_sec": 65.62,
    "covered_samples_per_sec": 65.11,
    "pipeline_elapsed_sec": 89.0
  }
}