{
  "dataset": "hendrydong",
  "method": "program_judge",
  "best_k": 17,
  "n_total_programs": 80,
  "n_surviving_programs": 17,
  "selected_program_ids": [
    28,
    29,
    48,
    32,
    43,
    75,
    77,
    25,
    22,
    21,
    1,
    30,
    68,
    24,
    17,
    73,
    2
  ],
  "selected_program_names": [
    "judge_28",
    "judge_29",
    "judge_48",
    "judge_32",
    "judge_43",
    "judge_75",
    "judge_77",
    "judge_25",
    "judge_22",
    "judge_21",
    "judge_1",
    "judge_30",
    "judge_68",
    "judge_24",
    "judge_17",
    "judge_73",
    "judge_2"
  ],
  "selected_program_col_indices": [
    20,
    21,
    42,
    25,
    37,
    72,
    74,
    17,
    14,
    13,
    0,
    23,
    64,
    16,
    8,
    70,
    11
  ],
  "selected_program_thresholds": [
    0.14,
    0.12,
    0.1,
    0.14,
    0.14,
    0.14,
    0.14,
    0.14,
    0.11,
    0.14,
    0.13,
    0.14,
    0.11,
    0.12,
    0.14,
    0.11,
    0.14
  ],
  "selected_program_val_accuracies": [
    0.8305084745762712,
    0.8273809523809523,
    0.7966101694915254,
    0.7832167832167832,
    0.7768595041322314,
    0.7639484978540773,
    0.7632508833922261,
    0.7557755775577558,
    0.7544378698224852,
    0.7508417508417509,
    0.7467811158798283,
    0.7441860465116279,
    0.7435897435897436,
    0.7410714285714286,
    0.7387387387387387,
    0.7358490566037735,
    0.7322175732217573
  ],
  "label_matrix_diagnostics": {
    "test_conflict": 0.2356,
    "n_test_total": 5000,
    "n_test_covered": 4866,
    "n_test_all_abstained": 134,
    "test_coverage": 0.9732
  },
  "LabelModel_test": {
    "n_total": 5000,
    "n_covered": 4866,
    "accuracy": 0.679,
    "precision": 0.6789,
    "recall": 0.6789,
    "f1": 0.6789,
    "coverage": 0.9732
  },
  "MajorityVote_test": {
    "n_total": 5000,
    "n_covered": 4866,
    "accuracy": 0.6815,
    "precision": 0.6814,
    "recall": 0.6814,
    "f1": 0.6814,
    "coverage": 0.9732
  },
  "LabelModel_val": {
    "n_total": 500,
    "n_covered": 485,
    "accuracy": 0.7113,
    "precision": 0.7113,
    "recall": 0.7113,
    "f1": 0.7113,
    "coverage": 0.97
  },
  "throughput": {
    "n_test": 5000,
    "n_test_covered": 4866,
    "n_top_k_programs": 17,
    "top_k_program_time_sec": 195.2212,
    "label_model_infer_time_sec": 0.015,
    "inference_elapsed_sec": 195.2362,
    "samples_per_sec": 25.61,
    "covered_samples_per_sec": 24.92,
    "pipeline_elapsed_sec": 208.1
  }
}