{
  "dataset": "multipref",
  "method": "program_judge",
  "best_k": 16,
  "n_total_programs": 80,
  "n_surviving_programs": 16,
  "selected_program_ids": [
    76,
    19,
    74,
    21,
    73,
    69,
    65,
    75,
    49,
    70,
    22,
    24,
    34,
    25,
    77,
    18
  ],
  "selected_program_names": [
    "judge_76",
    "judge_19",
    "judge_74",
    "judge_21",
    "judge_73",
    "judge_69",
    "judge_65",
    "judge_75",
    "judge_49",
    "judge_70",
    "judge_22",
    "judge_24",
    "judge_34",
    "judge_25",
    "judge_77",
    "judge_18"
  ],
  "selected_program_col_indices": [
    73,
    10,
    71,
    13,
    70,
    65,
    61,
    72,
    43,
    67,
    14,
    16,
    27,
    17,
    74,
    9
  ],
  "selected_program_thresholds": [
    0.14,
    0.14,
    0.14,
    0.14,
    0.14,
    0.14,
    0.14,
    0.14,
    0.13,
    0.14,
    0.12,
    0.14,
    0.11,
    0.1,
    0.13,
    0.1
  ],
  "selected_program_val_accuracies": [
    1.0,
    0.8414634146341463,
    0.8333333333333334,
    0.8275862068965517,
    0.825,
    0.8222222222222222,
    0.8202247191011236,
    0.8181818181818182,
    0.8181818181818182,
    0.8169014084507042,
    0.8144329896907216,
    0.8133333333333334,
    0.8117647058823529,
    0.81,
    0.8021978021978022,
    0.8
  ],
  "label_matrix_diagnostics": {
    "test_conflict": 0.17,
    "n_test_total": 1700,
    "n_test_covered": 1617,
    "n_test_all_abstained": 83,
    "test_coverage": 0.951176
  },
  "LabelModel_test": {
    "n_total": 1700,
    "n_covered": 1617,
    "accuracy": 0.7248,
    "precision": 0.7251,
    "recall": 0.7254,
    "f1": 0.7248,
    "coverage": 0.9512
  },
  "MajorityVote_test": {
    "n_total": 1700,
    "n_covered": 1617,
    "accuracy": 0.7223,
    "precision": 0.7221,
    "recall": 0.7225,
    "f1": 0.7222,
    "coverage": 0.9512
  },
  "LabelModel_val": {
    "n_total": 170,
    "n_covered": 156,
    "accuracy": 0.7756,
    "precision": 0.776,
    "recall": 0.7759,
    "f1": 0.7756,
    "coverage": 0.9176
  },
  "throughput": {
    "n_test": 1700,
    "n_test_covered": 1617,
    "n_top_k_programs": 16,
    "top_k_program_time_sec": 75.1111,
    "label_model_infer_time_sec": 0.0052,
    "inference_elapsed_sec": 75.1163,
    "samples_per_sec": 22.63,
    "covered_samples_per_sec": 21.53,
    "pipeline_elapsed_sec": 87.3
  }
}