{
  "LabelModel_test": {
    "agreement": 0.7043795620437956,
    "precision": 0.7031443493242879,
    "recall": 0.7018942636986301,
    "f1": 0.7022817819630569,
    "coverage": 0.9194630872483222
  },
  "MajorityVote_test": {
    "agreement": 0.7165450121654501,
    "precision": 0.715348973291855,
    "recall": 0.71443350456621,
    "f1": 0.7147614374071983,
    "coverage": 0.9194630872483222
  },
  "LabelModel_val": {
    "agreement": 0.7184035476718403,
    "precision": 0.7170448245822444,
    "recall": 0.7166073898439044,
    "f1": 0.7167939874904201,
    "coverage": 0.902
  }
}