{
  "dataset": "pandalm",
  "method": "program_judge",
  "best_k": 24,
  "n_total_programs": 80,
  "n_surviving_programs": 24,
  "selected_program_ids": [
    59,
    11,
    41,
    21,
    18,
    80,
    44,
    25,
    73,
    29,
    77,
    42,
    75,
    20,
    58,
    46,
    23,
    47,
    15,
    26,
    40,
    32,
    27,
    69
  ],
  "selected_program_names": [
    "judge_59",
    "judge_11",
    "judge_41",
    "judge_21",
    "judge_18",
    "judge_80",
    "judge_44",
    "judge_25",
    "judge_73",
    "judge_29",
    "judge_77",
    "judge_42",
    "judge_75",
    "judge_20",
    "judge_58",
    "judge_46",
    "judge_23",
    "judge_47",
    "judge_15",
    "judge_26",
    "judge_40",
    "judge_32",
    "judge_27",
    "judge_69"
  ],
  "selected_program_col_indices": [
    54,
    2,
    35,
    13,
    9,
    78,
    38,
    17,
    70,
    21,
    74,
    36,
    72,
    12,
    53,
    40,
    15,
    41,
    6,
    18,
    34,
    25,
    19,
    65
  ],
  "selected_program_thresholds": [
    0.14,
    0.14,
    0.13,
    0.14,
    0.14,
    0.14,
    0.14,
    0.14,
    0.08,
    0.14,
    0.14,
    0.14,
    0.14,
    0.13,
    0.13,
    0.09,
    0.14,
    0.14,
    0.14,
    0.14,
    0.12,
    0.14,
    0.14,
    0.13
  ],
  "selected_program_val_accuracies": [
    0.7971014492753623,
    0.7924528301886793,
    0.7786259541984732,
    0.7647058823529411,
    0.764367816091954,
    0.7630331753554502,
    0.7604166666666666,
    0.7602339181286549,
    0.7575757575757576,
    0.7518796992481203,
    0.751219512195122,
    0.75,
    0.7431192660550459,
    0.7407407407407407,
    0.7373737373737373,
    0.7360406091370558,
    0.7330097087378641,
    0.7327586206896551,
    0.7304964539007093,
    0.7288135593220338,
    0.7235023041474654,
    0.7232704402515723,
    0.7214285714285714,
    0.72
  ],
  "label_matrix_diagnostics": {
    "test_conflict": 0.3479,
    "n_test_total": 894,
    "n_test_covered": 822,
    "n_test_all_abstained": 72,
    "test_coverage": 0.919463
  },
  "LabelModel_test": {
    "n_total": 894,
    "n_covered": 822,
    "accuracy": 0.7044,
    "precision": 0.7031,
    "recall": 0.7019,
    "f1": 0.7023,
    "coverage": 0.9195
  },
  "MajorityVote_test": {
    "n_total": 894,
    "n_covered": 822,
    "accuracy": 0.7165,
    "precision": 0.7153,
    "recall": 0.7144,
    "f1": 0.7148,
    "coverage": 0.9195
  },
  "LabelModel_val": {
    "n_total": 500,
    "n_covered": 451,
    "accuracy": 0.7184,
    "precision": 0.717,
    "recall": 0.7166,
    "f1": 0.7168,
    "coverage": 0.902
  },
  "throughput": {
    "n_test": 894,
    "n_test_covered": 822,
    "n_top_k_programs": 24,
    "top_k_program_time_sec": 35.3445,
    "label_model_infer_time_sec": 0.0017,
    "inference_elapsed_sec": 35.3462,
    "samples_per_sec": 25.29,
    "covered_samples_per_sec": 23.26,
    "pipeline_elapsed_sec": 49.6
  }
}