{
  "LabelModel_test": {
    "agreement": 0.7247990105132962,
    "precision": 0.7251216451938672,
    "recall": 0.7254182754182754,
    "f1": 0.7247569033109958,
    "coverage": 0.9511764705882353
  },
  "MajorityVote_test": {
    "agreement": 0.7223252937538652,
    "precision": 0.7221450428396572,
    "recall": 0.7224581724581725,
    "f1": 0.7221552729355947,
    "coverage": 0.9511764705882353
  },
  "LabelModel_val": {
    "agreement": 0.7756410256410257,
    "precision": 0.7759868421052631,
    "recall": 0.7758507315469341,
    "f1": 0.7756318060406822,
    "coverage": 0.9176470588235294
  }
}